Workbook

Sheet README
A1: 20轮重组实验 Excel 模板
A3: 说明：
A4: 1. Round_Results 为逐轮明细表，后续可直接按相同列顺序粘贴数据。
A5: 2. ChartData_CumReward：五种算法每轮累计收益绘图数据。
A6: 3. ChartData_TierCells：五种算法20轮中各类电芯重组总数量绘图数据。
A7: 4. ChartData_Runtime：五种算法每轮运行时间绘图数据。
A8: 5. Charts 工作表内已预置三张图。
A10: 方法列表：
A11: RRP_KMEANS_VNS | B11: KMeans_VNS
A12: RRP_MS_KMEANS_VNS | B12: MS_KMeans_VNS
A13: RRP_GA | B13: GA
A14: RRP_SA | B14: SA
A15: RRP_GUROBI_MIP | B15: Gurobi_MIP

Sheet Round_Results
A1: round | B1: method | C1: method_label | D1: new_cells | E1: pool_before | F1: reward | G1: cumulative_reward | H1: runtime | I1: n_packs | J1: used_cells | K1: leftover_cells | L1: utilization_rate | M1: avg_delta | N1: avg_phi | O1: reward_per_pack | P1: positive_pack_ratio | Q1: P1_packs | R1: P2_packs | S1: P3_packs | T1: P0_packs | U1: P1_cells | V1: P2_cells | W1: P3_cells | X1: P0_cells | Y1: tier_distribution | Z1: n_columns | AA1: gurobi_gap | AB1: n_feasible_groups
A2: 1 | B2: RRP_KMEANS_VNS | C2: KMeans_VNS | D2: 300 | E2: 300 | F2: 161.88583 | G2: 161.88583 | H2: 0.9782826 | I2: 25 | J2: 200 | K2: 100 | L2: 0.66666667 | M2: 0.091339971 | N2: 0.19886352 | O2: 6.475433 | P2: 0.96 | Q2: 9 | R2: 9 | S2: 6 | T2: 1 | U2: 72 | V2: 72 | W2: 48 | X2: 8 | Y2: P1:9, P2:9, P3:6, P0:1
A3: 1 | B3: RRP_MS_KMEANS_VNS | C3: MS_KMeans_VNS | D3: 300 | E3: 300 | F3: 172.91099 | G3: 172.91099 | H3: 6.4346334 | I3: 25 | J3: 200 | K3: 100 | L3: 0.66666667 | M3: 0.071210599 | N3: 0.26553917 | O3: 6.9164395 | P3: 1 | Q3: 11 | R3: 7 | S3: 7 | T3: 0 | U3: 88 | V3: 56 | W3: 56 | X3: 0 | Y3: P1:11, P2:7, P3:7, P0:0
A4: 1 | B4: RRP_GA | C4: GA | D4: 300 | E4: 300 | F4: 181.88973 | G4: 181.88973 | H4: 6.6991186 | I4: 26 | J4: 208 | K4: 92 | L4: 0.69333333 | M4: 0.08482361 | N4: 0.27343837 | O4: 6.9957588 | P4: 1 | Q4: 11 | R4: 9 | S4: 6 | T4: 0 | U4: 88 | V4: 72 | W4: 48 | X4: 0 | Y4: P1:11, P2:9, P3:6, P0:0
A5: 1 | B5: RRP_SA | C5: SA | D5: 300 | E5: 300 | F5: 171.93533 | G5: 171.93533 | H5: 8.209887 | I5: 26 | J5: 208 | K5: 92 | L5: 0.69333333 | M5: 0.049748529 | N5: 0.2569484 | O5: 6.6128972 | P5: 0.96153846 | Q5: 10 | R5: 9 | S5: 6 | T5: 1 | U5: 80 | V5: 72 | W5: 48 | X5: 8 | Y5: P1:10, P2:9, P3:6, P0:1
A6: 1 | B6: RRP_GUROBI_MIP | C6: Gurobi_MIP | D6: 300 | E6: 300 | F6: 99.956086 | G6: 99.956086 | H6: 60.082138 | I6: 10 | J6: 80 | K6: 220 | L6: 0.26666667 | M6: 0.08782847 | N6: 0.75960327 | O6: 9.9956086 | P6: 1 | Q6: 10 | R6: 0 | S6: 0 | T6: 0 | U6: 80 | V6: 0 | W6: 0 | X6: 0 | Y6: P1:10, P2:0, P3:0, P0:0 | AA6: 0.012021999

Sheet Method_Summary
A1: method | B1: method_label | C1: total_reward | D1: final_cumulative_reward | E1: total_runtime | F1: avg_runtime | G1: total_packs | H1: total_used_cells | I1: final_leftover | J1: P1_cells_total | K1: P2_cells_total | L1: P3_cells_total | M1: P0_cells_total
A2: RRP_KMEANS_VNS | B2: KMeans_VNS | C2: =SUMIFS(Round_Results!$F:$F,Round_Results!$B:$B,$A2) | D2: =MAXIFS(Round_Results!$G:$G,Round_Results!$B:$B,$A2) | E2: =SUMIFS(Round_Results!$H:$H,Round_Results!$B:$B,$A2) | F2: =AVERAGEIFS(Round_Results!$H:$H,Round_Results!$B:$B,$A2) | G2: =SUMIFS(Round_Results!$I:$I,Round_Results!$B:$B,$A2) | H2: =SUMIFS(Round_Results!$J:$J,Round_Results!$B:$B,$A2) | I2: =MAXIFS(Round_Results!$K:$K,Round_Results!$B:$B,$A2,Round_Results!$A:$A,1) | J2: =SUMIFS(Round_Results!$U:$U,Round_Results!$B:$B,$A2) | K2: =SUMIFS(Round_Results!$V:$V,Round_Results!$B:$B,$A2) | L2: =SUMIFS(Round_Results!$W:$W,Round_Results!$B:$B,$A2) | M2: =SUMIFS(Round_Results!$X:$X,Round_Results!$B:$B,$A2)
A3: RRP_MS_KMEANS_VNS | B3: MS_KMeans_VNS | C3: =SUMIFS(Round_Results!$F:$F,Round_Results!$B:$B,$A3) | D3: =MAXIFS(Round_Results!$G:$G,Round_Results!$B:$B,$A3) | E3: =SUMIFS(Round_Results!$H:$H,Round_Results!$B:$B,$A3) | F3: =AVERAGEIFS(Round_Results!$H:$H,Round_Results!$B:$B,$A3) | G3: =SUMIFS(Round_Results!$I:$I,Round_Results!$B:$B,$A3) | H3: =SUMIFS(Round_Results!$J:$J,Round_Results!$B:$B,$A3) | I3: =MAXIFS(Round_Results!$K:$K,Round_Results!$B:$B,$A3,Round_Results!$A:$A,1) | J3: =SUMIFS(Round_Results!$U:$U,Round_Results!$B:$B,$A3) | K3: =SUMIFS(Round_Results!$V:$V,Round_Results!$B:$B,$A3) | L3: =SUMIFS(Round_Results!$W:$W,Round_Results!$B:$B,$A3) | M3: =SUMIFS(Round_Results!$X:$X,Round_Results!$B:$B,$A3)
A4: RRP_GA | B4: GA | C4: =SUMIFS(Round_Results!$F:$F,Round_Results!$B:$B,$A4) | D4: =MAXIFS(Round_Results!$G:$G,Round_Results!$B:$B,$A4) | E4: =SUMIFS(Round_Results!$H:$H,Round_Results!$B:$B,$A4) | F4: =AVERAGEIFS(Round_Results!$H:$H,Round_Results!$B:$B,$A4) | G4: =SUMIFS(Round_Results!$I:$I,Round_Results!$B:$B,$A4) | H4: =SUMIFS(Round_Results!$J:$J,Round_Results!$B:$B,$A4) | I4: =MAXIFS(Round_Results!$K:$K,Round_Results!$B:$B,$A4,Round_Results!$A:$A,1) | J4: =SUMIFS(Round_Results!$U:$U,Round_Results!$B:$B,$A4) | K4: =SUMIFS(Round_Results!$V:$V,Round_Results!$B:$B,$A4) | L4: =SUMIFS(Round_Results!$W:$W,Round_Results!$B:$B,$A4) | M4: =SUMIFS(Round_Results!$X:$X,Round_Results!$B:$B,$A4)
A5: RRP_SA | B5: SA | C5: =SUMIFS(Round_Results!$F:$F,Round_Results!$B:$B,$A5) | D5: =MAXIFS(Round_Results!$G:$G,Round_Results!$B:$B,$A5) | E5: =SUMIFS(Round_Results!$H:$H,Round_Results!$B:$B,$A5) | F5: =AVERAGEIFS(Round_Results!$H:$H,Round_Results!$B:$B,$A5) | G5: =SUMIFS(Round_Results!$I:$I,Round_Results!$B:$B,$A5) | H5: =SUMIFS(Round_Results!$J:$J,Round_Results!$B:$B,$A5) | I5: =MAXIFS(Round_Results!$K:$K,Round_Results!$B:$B,$A5,Round_Results!$A:$A,1) | J5: =SUMIFS(Round_Results!$U:$U,Round_Results!$B:$B,$A5) | K5: =SUMIFS(Round_Results!$V:$V,Round_Results!$B:$B,$A5) | L5: =SUMIFS(Round_Results!$W:$W,Round_Results!$B:$B,$A5) | M5: =SUMIFS(Round_Results!$X:$X,Round_Results!$B:$B,$A5)
A6: RRP_GUROBI_MIP | B6: Gurobi_MIP | C6: =SUMIFS(Round_Results!$F:$F,Round_Results!$B:$B,$A6) | D6: =MAXIFS(Round_Results!$G:$G,Round_Results!$B:$B,$A6) | E6: =SUMIFS(Round_Results!$H:$H,Round_Results!$B:$B,$A6) | F6: =AVERAGEIFS(Round_Results!$H:$H,Round_Results!$B:$B,$A6) | G6: =SUMIFS(Round_Results!$I:$I,Round_Results!$B:$B,$A6) | H6: =SUMIFS(Round_Results!$J:$J,Round_Results!$B:$B,$A6) | I6: =MAXIFS(Round_Results!$K:$K,Round_Results!$B:$B,$A6,Round_Results!$A:$A,1) | J6: =SUMIFS(Round_Results!$U:$U,Round_Results!$B:$B,$A6) | K6: =SUMIFS(Round_Results!$V:$V,Round_Results!$B:$B,$A6) | L6: =SUMIFS(Round_Results!$W:$W,Round_Results!$B:$B,$A6) | M6: =SUMIFS(Round_Results!$X:$X,Round_Results!$B:$B,$A6)

Sheet ChartData_CumReward
A1: round | B1: RRP_KMEANS_VNS | C1: RRP_MS_KMEANS_VNS | D1: RRP_GA | E1: RRP_SA | F1: RRP_GUROBI_MIP
A2: 1 | B2: =SUMIFS(Round_Results!$F:$F,Round_Results!$B:$B,B$1,Round_Results!$A:$A,"<="&$A2) | C2: =SUMIFS(Round_Results!$F:$F,Round_Results!$B:$B,C$1,Round_Results!$A:$A,"<="&$A2) | D2: =SUMIFS(Round_Results!$F:$F,Round_Results!$B:$B,D$1,Round_Results!$A:$A,"<="&$A2) | E2: =SUMIFS(Round_Results!$F:$F,Round_Results!$B:$B,E$1,Round_Results!$A:$A,"<="&$A2) | F2: =SUMIFS(Round_Results!$F:$F,Round_Results!$B:$B,F$1,Round_Results!$A:$A,"<="&$A2)

Sheet ChartData_TierCells
A1: method | B1: P1_cells_total | C1: P2_cells_total | D1: P3_cells_total | E1: P0_cells_total
A2: RRP_KMEANS_VNS | B2: =SUMIFS(Round_Results!$U:$U,Round_Results!$B:$B,$A2) | C2: =SUMIFS(Round_Results!$V:$V,Round_Results!$B:$B,$A2) | D2: =SUMIFS(Round_Results!$W:$W,Round_Results!$B:$B,$A2) | E2: =SUMIFS(Round_Results!$X:$X,Round_Results!$B:$B,$A2)
A3: RRP_MS_KMEANS_VNS | B3: =SUMIFS(Round_Results!$U:$U,Round_Results!$B:$B,$A3) | C3: =SUMIFS(Round_Results!$V:$V,Round_Results!$B:$B,$A3) | D3: =SUMIFS(Round_Results!$W:$W,Round_Results!$B:$B,$A3) | E3: =SUMIFS(Round_Results!$X:$X,Round_Results!$B:$B,$A3)
A4: RRP_GA | B4: =SUMIFS(Round_Results!$U:$U,Round_Results!$B:$B,$A4) | C4: =SUMIFS(Round_Results!$V:$V,Round_Results!$B:$B,$A4) | D4: =SUMIFS(Round_Results!$W:$W,Round_Results!$B:$B,$A4) | E4: =SUMIFS(Round_Results!$X:$X,Round_Results!$B:$B,$A4)
A5: RRP_SA | B5: =SUMIFS(Round_Results!$U:$U,Round_Results!$B:$B,$A5) | C5: =SUMIFS(Round_Results!$V:$V,Round_Results!$B:$B,$A5) | D5: =SUMIFS(Round_Results!$W:$W,Round_Results!$B:$B,$A5) | E5: =SUMIFS(Round_Results!$X:$X,Round_Results!$B:$B,$A5)
A6: RRP_GUROBI_MIP | B6: =SUMIFS(Round_Results!$U:$U,Round_Results!$B:$B,$A6) | C6: =SUMIFS(Round_Results!$V:$V,Round_Results!$B:$B,$A6) | D6: =SUMIFS(Round_Results!$W:$W,Round_Results!$B:$B,$A6) | E6: =SUMIFS(Round_Results!$X:$X,Round_Results!$B:$B,$A6)

Sheet ChartData_Runtime
A1: round | B1: RRP_KMEANS_VNS | C1: RRP_MS_KMEANS_VNS | D1: RRP_GA | E1: RRP_SA | F1: RRP_GUROBI_MIP
A2: 1 | B2: =SUMIFS(Round_Results!$H:$H,Round_Results!$B:$B,B$1,Round_Results!$A:$A,$A2) | C2: =SUMIFS(Round_Results!$H:$H,Round_Results!$B:$B,C$1,Round_Results!$A:$A,$A2) | D2: =SUMIFS(Round_Results!$H:$H,Round_Results!$B:$B,D$1,Round_Results!$A:$A,$A2) | E2: =SUMIFS(Round_Results!$H:$H,Round_Results!$B:$B,E$1,Round_Results!$A:$A,$A2) | F2: =SUMIFS(Round_Results!$H:$H,Round_Results!$B:$B,F$1,Round_Results!$A:$A,$A2)

Sheet Charts
